--------------------------------------------------------------------------------------------------------------------------------------------------------------------------------------
-- CIRCUITOS PREDEFINIDOS
--------------------------------------------------------------------------------------------------------------------------------------------------------------------------------------

-- SECRETARIA GENERAL - ASISTENCIA JURÍDICA
INSERT INTO PF_FLUJOS (ID_FLUJO, FECHA_CREACION, ID_TIPO_FLUJO, ORDEN_ACTIVO, DESCRIPCION) VALUES (1, '11/11/15', 2, 1, 'Validación Resp. Secretaría Gral- Firma Director');
INSERT INTO PF_GRUPOS (ID_GRUPO, FIRMANTES_REQUERIDOS, ORDEN, ID_FLUJO, ID_TIPO_GRUPO, CERRADO) VALUES (1, 1, 1, 1, 1, 0);
INSERT INTO PF_GRUPOS (ID_GRUPO, FIRMANTES_REQUERIDOS, ORDEN, ID_FLUJO, ID_TIPO_GRUPO, CERRADO) VALUES (2, 1, 2, 1, 2, 0);
INSERT INTO PF_GRUPO_PERSONAS (ID_GRUPO_PERSONA, ID_GRUPO, ID_PERSONA, PERSONA_OBLIGATORIA, REALIZADO) VALUES (1, 1, 3, 0, 0); -- Rosario Arteaga
INSERT INTO PF_GRUPO_PERSONAS (ID_GRUPO_PERSONA, ID_GRUPO, ID_PERSONA, PERSONA_OBLIGATORIA, REALIZADO) VALUES (2, 2, 10, 0, 0); -- José Rafael Díaz
--
INSERT INTO PF_FLUJOS (ID_FLUJO, FECHA_CREACION, ID_TIPO_FLUJO, ORDEN_ACTIVO, DESCRIPCION) VALUES (2, '11/11/15', 2, 1, 'Firma Resp. Secretaría Gral- Firma Director');
INSERT INTO PF_GRUPOS (ID_GRUPO, FIRMANTES_REQUERIDOS, ORDEN, ID_FLUJO, ID_TIPO_GRUPO, CERRADO) VALUES (3, 1, 1, 2, 2, 0);
INSERT INTO PF_GRUPOS (ID_GRUPO, FIRMANTES_REQUERIDOS, ORDEN, ID_FLUJO, ID_TIPO_GRUPO, CERRADO) VALUES (4, 1, 2, 2, 2, 0);
INSERT INTO PF_GRUPO_PERSONAS (ID_GRUPO_PERSONA, ID_GRUPO, ID_PERSONA, PERSONA_OBLIGATORIA, REALIZADO) VALUES (3, 3, 3, 0, 0); -- Rosario Arteaga
INSERT INTO PF_GRUPO_PERSONAS (ID_GRUPO_PERSONA, ID_GRUPO, ID_PERSONA, PERSONA_OBLIGATORIA, REALIZADO) VALUES (4, 4, 10, 0, 0); -- José Rafael Díaz
--
INSERT INTO PF_FLUJOS (ID_FLUJO, FECHA_CREACION, ID_TIPO_FLUJO, ORDEN_ACTIVO, DESCRIPCION) VALUES (3, '11/11/15', 2, 1, 'Validación Resp. Secretaría Gral- Firma Presidente');
INSERT INTO PF_GRUPOS (ID_GRUPO, FIRMANTES_REQUERIDOS, ORDEN, ID_FLUJO, ID_TIPO_GRUPO, CERRADO) VALUES (5, 1, 1, 3, 1, 0);
INSERT INTO PF_GRUPOS (ID_GRUPO, FIRMANTES_REQUERIDOS, ORDEN, ID_FLUJO, ID_TIPO_GRUPO, CERRADO) VALUES (6, 1, 2, 3, 2, 0);
INSERT INTO PF_GRUPO_PERSONAS (ID_GRUPO_PERSONA, ID_GRUPO, ID_PERSONA, PERSONA_OBLIGATORIA, REALIZADO) VALUES (5, 5, 3, 0, 0); -- Rosario Arteaga
INSERT INTO PF_GRUPO_PERSONAS (ID_GRUPO_PERSONA, ID_GRUPO, ID_PERSONA, PERSONA_OBLIGATORIA, REALIZADO) VALUES (6, 6, 13, 0, 0); -- Ricardo Melchior

-- CALIDAD/MEDIO AMBIENTE - DESARROLLO SOSTENIBLE - PLANIFICACIÓN URBANÍSTICA
INSERT INTO PF_FLUJOS (ID_FLUJO, FECHA_CREACION, ID_TIPO_FLUJO, ORDEN_ACTIVO, DESCRIPCION) VALUES (4, '11/11/15', 2, 1, 'Validación Jefe Área Desarrollo Sostenible - Firma Director');
INSERT INTO PF_GRUPOS (ID_GRUPO, FIRMANTES_REQUERIDOS, ORDEN, ID_FLUJO, ID_TIPO_GRUPO, CERRADO) VALUES (7, 1, 1, 4, 1, 0);
INSERT INTO PF_GRUPOS (ID_GRUPO, FIRMANTES_REQUERIDOS, ORDEN, ID_FLUJO, ID_TIPO_GRUPO, CERRADO) VALUES (8, 1, 2, 4, 2, 0);
INSERT INTO PF_GRUPO_PERSONAS (ID_GRUPO_PERSONA, ID_GRUPO, ID_PERSONA, PERSONA_OBLIGATORIA, REALIZADO) VALUES (7, 7, 2, 0, 0); -- Marcos Hernández
INSERT INTO PF_GRUPO_PERSONAS (ID_GRUPO_PERSONA, ID_GRUPO, ID_PERSONA, PERSONA_OBLIGATORIA, REALIZADO) VALUES (8, 8, 10, 0, 0); -- José Rafael Díaz
--
INSERT INTO PF_FLUJOS (ID_FLUJO, FECHA_CREACION, ID_TIPO_FLUJO, ORDEN_ACTIVO, DESCRIPCION) VALUES (5, '11/11/15', 2, 1, 'Firma Jefe Área Desarrollo Sostenible - Firma Director');
INSERT INTO PF_GRUPOS (ID_GRUPO, FIRMANTES_REQUERIDOS, ORDEN, ID_FLUJO, ID_TIPO_GRUPO, CERRADO) VALUES (9, 1, 1, 5, 2, 0);
INSERT INTO PF_GRUPOS (ID_GRUPO, FIRMANTES_REQUERIDOS, ORDEN, ID_FLUJO, ID_TIPO_GRUPO, CERRADO) VALUES (10, 1, 2, 5, 2, 0);
INSERT INTO PF_GRUPO_PERSONAS (ID_GRUPO_PERSONA, ID_GRUPO, ID_PERSONA, PERSONA_OBLIGATORIA, REALIZADO) VALUES (9, 9, 2, 0, 0); -- Marcos Hernández
INSERT INTO PF_GRUPO_PERSONAS (ID_GRUPO_PERSONA, ID_GRUPO, ID_PERSONA, PERSONA_OBLIGATORIA, REALIZADO) VALUES (10, 10, 10, 0, 0); -- José Rafael Díaz
--
INSERT INTO PF_FLUJOS (ID_FLUJO, FECHA_CREACION, ID_TIPO_FLUJO, ORDEN_ACTIVO, DESCRIPCION) VALUES (6, '11/11/15', 2, 1, 'Validación Jefe Área Desarrollo Sostenible - Firma Presidente');
INSERT INTO PF_GRUPOS (ID_GRUPO, FIRMANTES_REQUERIDOS, ORDEN, ID_FLUJO, ID_TIPO_GRUPO, CERRADO) VALUES (11, 1, 1, 6, 1, 0);
INSERT INTO PF_GRUPOS (ID_GRUPO, FIRMANTES_REQUERIDOS, ORDEN, ID_FLUJO, ID_TIPO_GRUPO, CERRADO) VALUES (12, 1, 2, 6, 2, 0);
INSERT INTO PF_GRUPO_PERSONAS (ID_GRUPO_PERSONA, ID_GRUPO, ID_PERSONA, PERSONA_OBLIGATORIA, REALIZADO) VALUES (11, 11, 2, 0, 0); -- Marcos Hernández
INSERT INTO PF_GRUPO_PERSONAS (ID_GRUPO_PERSONA, ID_GRUPO, ID_PERSONA, PERSONA_OBLIGATORIA, REALIZADO) VALUES (12, 12, 13, 0, 0); -- Ricardo Melchior

-- DOMINIO PÚBLICO
INSERT INTO PF_FLUJOS (ID_FLUJO, FECHA_CREACION, ID_TIPO_FLUJO, ORDEN_ACTIVO, DESCRIPCION) VALUES (7, '11/11/15', 2, 1, 'Validación Jefe Dpto. Dominio Público - Firma Director');
INSERT INTO PF_GRUPOS (ID_GRUPO, FIRMANTES_REQUERIDOS, ORDEN, ID_FLUJO, ID_TIPO_GRUPO, CERRADO) VALUES (13, 1, 1, 7, 1, 0);
INSERT INTO PF_GRUPOS (ID_GRUPO, FIRMANTES_REQUERIDOS, ORDEN, ID_FLUJO, ID_TIPO_GRUPO, CERRADO) VALUES (14, 1, 2, 7, 2, 0);
INSERT INTO PF_GRUPO_PERSONAS (ID_GRUPO_PERSONA, ID_GRUPO, ID_PERSONA, PERSONA_OBLIGATORIA, REALIZADO) VALUES (13, 13, 14, 0, 0); -- Andrés Dámaso Gómez
INSERT INTO PF_GRUPO_PERSONAS (ID_GRUPO_PERSONA, ID_GRUPO, ID_PERSONA, PERSONA_OBLIGATORIA, REALIZADO) VALUES (14, 14, 10, 0, 0); -- José Rafael Díaz
--
INSERT INTO PF_FLUJOS (ID_FLUJO, FECHA_CREACION, ID_TIPO_FLUJO, ORDEN_ACTIVO, DESCRIPCION) VALUES (8, '11/11/15', 2, 1, 'Firma Jefe Dpto. Dominio Público - Firma Director');
INSERT INTO PF_GRUPOS (ID_GRUPO, FIRMANTES_REQUERIDOS, ORDEN, ID_FLUJO, ID_TIPO_GRUPO, CERRADO) VALUES (15, 1, 1, 8, 2, 0);
INSERT INTO PF_GRUPOS (ID_GRUPO, FIRMANTES_REQUERIDOS, ORDEN, ID_FLUJO, ID_TIPO_GRUPO, CERRADO) VALUES (16, 1, 2, 8, 2, 0);
INSERT INTO PF_GRUPO_PERSONAS (ID_GRUPO_PERSONA, ID_GRUPO, ID_PERSONA, PERSONA_OBLIGATORIA, REALIZADO) VALUES (15, 15, 14, 0, 0); -- Andrés Dámaso Gómez
INSERT INTO PF_GRUPO_PERSONAS (ID_GRUPO_PERSONA, ID_GRUPO, ID_PERSONA, PERSONA_OBLIGATORIA, REALIZADO) VALUES (16, 16, 10, 0, 0); -- José Rafael Díaz
--
INSERT INTO PF_FLUJOS (ID_FLUJO, FECHA_CREACION, ID_TIPO_FLUJO, ORDEN_ACTIVO, DESCRIPCION) VALUES (9, '11/11/15', 2, 1, 'Validación Jefe Dpto. Dominio Público - Firma Presidente');
INSERT INTO PF_GRUPOS (ID_GRUPO, FIRMANTES_REQUERIDOS, ORDEN, ID_FLUJO, ID_TIPO_GRUPO, CERRADO) VALUES (17, 1, 1, 9, 1, 0);
INSERT INTO PF_GRUPOS (ID_GRUPO, FIRMANTES_REQUERIDOS, ORDEN, ID_FLUJO, ID_TIPO_GRUPO, CERRADO) VALUES (18, 1, 2, 9, 2, 0);
INSERT INTO PF_GRUPO_PERSONAS (ID_GRUPO_PERSONA, ID_GRUPO, ID_PERSONA, PERSONA_OBLIGATORIA, REALIZADO) VALUES (17, 17, 14, 0, 0); -- Andrés Dámaso Gómez
INSERT INTO PF_GRUPO_PERSONAS (ID_GRUPO_PERSONA, ID_GRUPO, ID_PERSONA, PERSONA_OBLIGATORIA, REALIZADO) VALUES (18, 18, 13, 0, 0); -- Ricardo Melchior

-- ECONÓMICO FINANCIERO - PLANIFICACIÓN ESTRATÉGICA
INSERT INTO PF_FLUJOS (ID_FLUJO, FECHA_CREACION, ID_TIPO_FLUJO, ORDEN_ACTIVO, DESCRIPCION) VALUES (10, '11/11/15', 2, 1, 'Validación Jefe Área Planificación Estratégica - Firma Director');
INSERT INTO PF_GRUPOS (ID_GRUPO, FIRMANTES_REQUERIDOS, ORDEN, ID_FLUJO, ID_TIPO_GRUPO, CERRADO) VALUES (19, 1, 1, 10, 1, 0);
INSERT INTO PF_GRUPOS (ID_GRUPO, FIRMANTES_REQUERIDOS, ORDEN, ID_FLUJO, ID_TIPO_GRUPO, CERRADO) VALUES (20, 1, 2, 10, 2, 0);
INSERT INTO PF_GRUPO_PERSONAS (ID_GRUPO_PERSONA, ID_GRUPO, ID_PERSONA, PERSONA_OBLIGATORIA, REALIZADO) VALUES (19, 19, 7, 0, 0); -- José Bastida
INSERT INTO PF_GRUPO_PERSONAS (ID_GRUPO_PERSONA, ID_GRUPO, ID_PERSONA, PERSONA_OBLIGATORIA, REALIZADO) VALUES (20, 20, 10, 0, 0); -- José Rafael Díaz
--
INSERT INTO PF_FLUJOS (ID_FLUJO, FECHA_CREACION, ID_TIPO_FLUJO, ORDEN_ACTIVO, DESCRIPCION) VALUES (11, '11/11/15', 2, 1, 'Firma Jefe Área Planificación Estratégica - Firma Director');
INSERT INTO PF_GRUPOS (ID_GRUPO, FIRMANTES_REQUERIDOS, ORDEN, ID_FLUJO, ID_TIPO_GRUPO, CERRADO) VALUES (21, 1, 1, 11, 2, 0);
INSERT INTO PF_GRUPOS (ID_GRUPO, FIRMANTES_REQUERIDOS, ORDEN, ID_FLUJO, ID_TIPO_GRUPO, CERRADO) VALUES (22, 1, 2, 11, 2, 0);
INSERT INTO PF_GRUPO_PERSONAS (ID_GRUPO_PERSONA, ID_GRUPO, ID_PERSONA, PERSONA_OBLIGATORIA, REALIZADO) VALUES (21, 21, 7, 0, 0); -- José Bastida
INSERT INTO PF_GRUPO_PERSONAS (ID_GRUPO_PERSONA, ID_GRUPO, ID_PERSONA, PERSONA_OBLIGATORIA, REALIZADO) VALUES (22, 22, 10, 0, 0); -- José Rafael Díaz
--
INSERT INTO PF_FLUJOS (ID_FLUJO, FECHA_CREACION, ID_TIPO_FLUJO, ORDEN_ACTIVO, DESCRIPCION) VALUES (12, '11/11/15', 2, 1, 'Validación Jefe Área Planificación Estratégica - Firma Presidente');
INSERT INTO PF_GRUPOS (ID_GRUPO, FIRMANTES_REQUERIDOS, ORDEN, ID_FLUJO, ID_TIPO_GRUPO, CERRADO) VALUES (23, 1, 1, 12, 1, 0);
INSERT INTO PF_GRUPOS (ID_GRUPO, FIRMANTES_REQUERIDOS, ORDEN, ID_FLUJO, ID_TIPO_GRUPO, CERRADO) VALUES (24, 1, 2, 12, 2, 0);
INSERT INTO PF_GRUPO_PERSONAS (ID_GRUPO_PERSONA, ID_GRUPO, ID_PERSONA, PERSONA_OBLIGATORIA, REALIZADO) VALUES (23, 23, 7, 0, 0); -- José Bastida
INSERT INTO PF_GRUPO_PERSONAS (ID_GRUPO_PERSONA, ID_GRUPO, ID_PERSONA, PERSONA_OBLIGATORIA, REALIZADO) VALUES (24, 24, 13, 0, 0); -- Ricardo Melchior

-- EXPLOTACIÓN - FACTURACIÓN
INSERT INTO PF_FLUJOS (ID_FLUJO, FECHA_CREACION, ID_TIPO_FLUJO, ORDEN_ACTIVO, DESCRIPCION) VALUES (13, '11/11/15', 2, 1, 'Validación Jefe Área Explotación - Firma Director');
INSERT INTO PF_GRUPOS (ID_GRUPO, FIRMANTES_REQUERIDOS, ORDEN, ID_FLUJO, ID_TIPO_GRUPO, CERRADO) VALUES (25, 1, 1, 13, 1, 0);
INSERT INTO PF_GRUPOS (ID_GRUPO, FIRMANTES_REQUERIDOS, ORDEN, ID_FLUJO, ID_TIPO_GRUPO, CERRADO) VALUES (26, 1, 2, 13, 2, 0);
INSERT INTO PF_GRUPO_PERSONAS (ID_GRUPO_PERSONA, ID_GRUPO, ID_PERSONA, PERSONA_OBLIGATORIA, REALIZADO) VALUES (25, 25, 5, 0, 0); -- Leandro Melgar
INSERT INTO PF_GRUPO_PERSONAS (ID_GRUPO_PERSONA, ID_GRUPO, ID_PERSONA, PERSONA_OBLIGATORIA, REALIZADO) VALUES (26, 26, 10, 0, 0); -- José Rafael Díaz
--
INSERT INTO PF_FLUJOS (ID_FLUJO, FECHA_CREACION, ID_TIPO_FLUJO, ORDEN_ACTIVO, DESCRIPCION) VALUES (14, '11/11/15', 2, 1, 'Firma Jefe Área Explotación- Firma Director');
INSERT INTO PF_GRUPOS (ID_GRUPO, FIRMANTES_REQUERIDOS, ORDEN, ID_FLUJO, ID_TIPO_GRUPO, CERRADO) VALUES (27, 1, 1, 14, 2, 0);
INSERT INTO PF_GRUPOS (ID_GRUPO, FIRMANTES_REQUERIDOS, ORDEN, ID_FLUJO, ID_TIPO_GRUPO, CERRADO) VALUES (28, 1, 2, 14, 2, 0);
INSERT INTO PF_GRUPO_PERSONAS (ID_GRUPO_PERSONA, ID_GRUPO, ID_PERSONA, PERSONA_OBLIGATORIA, REALIZADO) VALUES (27, 27, 5, 0, 0); -- Leandro Melgar
INSERT INTO PF_GRUPO_PERSONAS (ID_GRUPO_PERSONA, ID_GRUPO, ID_PERSONA, PERSONA_OBLIGATORIA, REALIZADO) VALUES (28, 28, 10, 0, 0); -- José Rafael Díaz
--
INSERT INTO PF_FLUJOS (ID_FLUJO, FECHA_CREACION, ID_TIPO_FLUJO, ORDEN_ACTIVO, DESCRIPCION) VALUES (15, '11/11/15', 2, 1, 'Validación Jefe Área Explotación - Firma Presidente');
INSERT INTO PF_GRUPOS (ID_GRUPO, FIRMANTES_REQUERIDOS, ORDEN, ID_FLUJO, ID_TIPO_GRUPO, CERRADO) VALUES (29, 1, 1, 15, 1, 0);
INSERT INTO PF_GRUPOS (ID_GRUPO, FIRMANTES_REQUERIDOS, ORDEN, ID_FLUJO, ID_TIPO_GRUPO, CERRADO) VALUES (30, 1, 2, 15, 2, 0);
INSERT INTO PF_GRUPO_PERSONAS (ID_GRUPO_PERSONA, ID_GRUPO, ID_PERSONA, PERSONA_OBLIGATORIA, REALIZADO) VALUES (29, 29, 5, 0, 0); -- Leandro Melgar
INSERT INTO PF_GRUPO_PERSONAS (ID_GRUPO_PERSONA, ID_GRUPO, ID_PERSONA, PERSONA_OBLIGATORIA, REALIZADO) VALUES (30, 30, 13, 0, 0); -- Ricardo Melchior

-- FACTURACIÓN
INSERT INTO PF_FLUJOS (ID_FLUJO, FECHA_CREACION, ID_TIPO_FLUJO, ORDEN_ACTIVO, DESCRIPCION) VALUES (16, '11/11/15', 2, 1, 'Firma Jefe Dpto. Calidad/Medioambiente - Firma Director');
INSERT INTO PF_GRUPOS (ID_GRUPO, FIRMANTES_REQUERIDOS, ORDEN, ID_FLUJO, ID_TIPO_GRUPO, CERRADO) VALUES (31, 1, 1, 16, 2, 0);
INSERT INTO PF_GRUPOS (ID_GRUPO, FIRMANTES_REQUERIDOS, ORDEN, ID_FLUJO, ID_TIPO_GRUPO, CERRADO) VALUES (32, 1, 2, 16, 2, 0);
INSERT INTO PF_GRUPO_PERSONAS (ID_GRUPO_PERSONA, ID_GRUPO, ID_PERSONA, PERSONA_OBLIGATORIA, REALIZADO) VALUES (31, 31, 9, 0, 0); -- Jaime Ruiz
INSERT INTO PF_GRUPO_PERSONAS (ID_GRUPO_PERSONA, ID_GRUPO, ID_PERSONA, PERSONA_OBLIGATORIA, REALIZADO) VALUES (32, 32, 10, 0, 0); -- José Rafael Díaz
--
INSERT INTO PF_FLUJOS (ID_FLUJO, FECHA_CREACION, ID_TIPO_FLUJO, ORDEN_ACTIVO, DESCRIPCION) VALUES (17, '11/11/15', 2, 1, 'Validación Jefe Dpto. Facturación - Firma Jefe Área Explotación');
INSERT INTO PF_GRUPOS (ID_GRUPO, FIRMANTES_REQUERIDOS, ORDEN, ID_FLUJO, ID_TIPO_GRUPO, CERRADO) VALUES (33, 1, 1, 17, 1, 0);
INSERT INTO PF_GRUPOS (ID_GRUPO, FIRMANTES_REQUERIDOS, ORDEN, ID_FLUJO, ID_TIPO_GRUPO, CERRADO) VALUES (34, 1, 2, 17, 2, 0);
INSERT INTO PF_GRUPO_PERSONAS (ID_GRUPO_PERSONA, ID_GRUPO, ID_PERSONA, PERSONA_OBLIGATORIA, REALIZADO) VALUES (33, 33, 8, 0, 0); -- Joan Baéz
INSERT INTO PF_GRUPO_PERSONAS (ID_GRUPO_PERSONA, ID_GRUPO, ID_PERSONA, PERSONA_OBLIGATORIA, REALIZADO) VALUES (34, 34, 5, 0, 0); -- Leandro Melgar
--
INSERT INTO PF_FLUJOS (ID_FLUJO, FECHA_CREACION, ID_TIPO_FLUJO, ORDEN_ACTIVO, DESCRIPCION) VALUES (18, '11/11/15', 2, 1, 'Firma Jefe Dpto. Facturación - Firma Jefe Área Explotación');
INSERT INTO PF_GRUPOS (ID_GRUPO, FIRMANTES_REQUERIDOS, ORDEN, ID_FLUJO, ID_TIPO_GRUPO, CERRADO) VALUES (35, 1, 1, 18, 2, 0);
INSERT INTO PF_GRUPOS (ID_GRUPO, FIRMANTES_REQUERIDOS, ORDEN, ID_FLUJO, ID_TIPO_GRUPO, CERRADO) VALUES (36, 1, 2, 18, 2, 0);
INSERT INTO PF_GRUPO_PERSONAS (ID_GRUPO_PERSONA, ID_GRUPO, ID_PERSONA, PERSONA_OBLIGATORIA, REALIZADO) VALUES (35, 35, 8, 0, 0); -- Joan Baéz
INSERT INTO PF_GRUPO_PERSONAS (ID_GRUPO_PERSONA, ID_GRUPO, ID_PERSONA, PERSONA_OBLIGATORIA, REALIZADO) VALUES (36, 36, 5, 0, 0); -- Leandro Melgar
--
INSERT INTO PF_FLUJOS (ID_FLUJO, FECHA_CREACION, ID_TIPO_FLUJO, ORDEN_ACTIVO, DESCRIPCION) VALUES (19, '11/11/15', 2, 1, 'Validación Jefe Dpto. Facturación - Firma Director');
INSERT INTO PF_GRUPOS (ID_GRUPO, FIRMANTES_REQUERIDOS, ORDEN, ID_FLUJO, ID_TIPO_GRUPO, CERRADO) VALUES (37, 1, 1, 19, 1, 0);
INSERT INTO PF_GRUPOS (ID_GRUPO, FIRMANTES_REQUERIDOS, ORDEN, ID_FLUJO, ID_TIPO_GRUPO, CERRADO) VALUES (38, 1, 2, 19, 2, 0);
INSERT INTO PF_GRUPO_PERSONAS (ID_GRUPO_PERSONA, ID_GRUPO, ID_PERSONA, PERSONA_OBLIGATORIA, REALIZADO) VALUES (37, 37, 8, 0, 0); -- Joan Baéz
INSERT INTO PF_GRUPO_PERSONAS (ID_GRUPO_PERSONA, ID_GRUPO, ID_PERSONA, PERSONA_OBLIGATORIA, REALIZADO) VALUES (38, 38, 10, 0, 0); -- José Rafael Díaz

-- GABINETE DE PRENSA
INSERT INTO PF_FLUJOS (ID_FLUJO, FECHA_CREACION, ID_TIPO_FLUJO, ORDEN_ACTIVO, DESCRIPCION) VALUES (20, '11/11/15', 2, 1, 'Validación Resp. Gabinete Prensa - Firma Director');
INSERT INTO PF_GRUPOS (ID_GRUPO, FIRMANTES_REQUERIDOS, ORDEN, ID_FLUJO, ID_TIPO_GRUPO, CERRADO) VALUES (39, 1, 1, 20, 1, 0);
INSERT INTO PF_GRUPOS (ID_GRUPO, FIRMANTES_REQUERIDOS, ORDEN, ID_FLUJO, ID_TIPO_GRUPO, CERRADO) VALUES (40, 1, 2, 20, 2, 0);
INSERT INTO PF_GRUPO_PERSONAS (ID_GRUPO_PERSONA, ID_GRUPO, ID_PERSONA, PERSONA_OBLIGATORIA, REALIZADO) VALUES (39, 39, 15, 0, 0); -- Francisco Estupiñán
INSERT INTO PF_GRUPO_PERSONAS (ID_GRUPO_PERSONA, ID_GRUPO, ID_PERSONA, PERSONA_OBLIGATORIA, REALIZADO) VALUES (40, 40, 10, 0, 0); -- José Rafael Díaz
--
INSERT INTO PF_FLUJOS (ID_FLUJO, FECHA_CREACION, ID_TIPO_FLUJO, ORDEN_ACTIVO, DESCRIPCION) VALUES (21, '11/11/15', 2, 1, 'Firma Resp. Gabinete Prensa - Firma Director');
INSERT INTO PF_GRUPOS (ID_GRUPO, FIRMANTES_REQUERIDOS, ORDEN, ID_FLUJO, ID_TIPO_GRUPO, CERRADO) VALUES (41, 1, 1, 21, 2, 0);
INSERT INTO PF_GRUPOS (ID_GRUPO, FIRMANTES_REQUERIDOS, ORDEN, ID_FLUJO, ID_TIPO_GRUPO, CERRADO) VALUES (42, 1, 2, 21, 2, 0);
INSERT INTO PF_GRUPO_PERSONAS (ID_GRUPO_PERSONA, ID_GRUPO, ID_PERSONA, PERSONA_OBLIGATORIA, REALIZADO) VALUES (41, 41, 15, 0, 0); -- Francicso Estupiñán
INSERT INTO PF_GRUPO_PERSONAS (ID_GRUPO_PERSONA, ID_GRUPO, ID_PERSONA, PERSONA_OBLIGATORIA, REALIZADO) VALUES (42, 42, 10, 0, 0); -- José Rafael Díaz
--
INSERT INTO PF_FLUJOS (ID_FLUJO, FECHA_CREACION, ID_TIPO_FLUJO, ORDEN_ACTIVO, DESCRIPCION) VALUES (22, '11/11/15', 2, 1, 'Validación Resp. Gabinete Prensa - Firma Presidente');
INSERT INTO PF_GRUPOS (ID_GRUPO, FIRMANTES_REQUERIDOS, ORDEN, ID_FLUJO, ID_TIPO_GRUPO, CERRADO) VALUES (43, 1, 1, 22, 1, 0);
INSERT INTO PF_GRUPOS (ID_GRUPO, FIRMANTES_REQUERIDOS, ORDEN, ID_FLUJO, ID_TIPO_GRUPO, CERRADO) VALUES (44, 1, 2, 22, 2, 0);
INSERT INTO PF_GRUPO_PERSONAS (ID_GRUPO_PERSONA, ID_GRUPO, ID_PERSONA, PERSONA_OBLIGATORIA, REALIZADO) VALUES (43, 43, 15, 0, 0); -- Francisco Estupiñán
INSERT INTO PF_GRUPO_PERSONAS (ID_GRUPO_PERSONA, ID_GRUPO, ID_PERSONA, PERSONA_OBLIGATORIA, REALIZADO) VALUES (44, 44, 13, 0, 0); -- Ricardo Melchior

-- INFRAESTRUCTURA
INSERT INTO PF_FLUJOS (ID_FLUJO, FECHA_CREACION, ID_TIPO_FLUJO, ORDEN_ACTIVO, DESCRIPCION) VALUES (23, '11/11/15', 2, 1, 'Validación Jefe Área Infraestructuras - Firma Director');
INSERT INTO PF_GRUPOS (ID_GRUPO, FIRMANTES_REQUERIDOS, ORDEN, ID_FLUJO, ID_TIPO_GRUPO, CERRADO) VALUES (45, 1, 1, 23, 1, 0);
INSERT INTO PF_GRUPOS (ID_GRUPO, FIRMANTES_REQUERIDOS, ORDEN, ID_FLUJO, ID_TIPO_GRUPO, CERRADO) VALUES (46, 1, 2, 23, 2, 0);
INSERT INTO PF_GRUPO_PERSONAS (ID_GRUPO_PERSONA, ID_GRUPO, ID_PERSONA, PERSONA_OBLIGATORIA, REALIZADO) VALUES (45, 45, 6, 0, 0); -- Javier Mora
INSERT INTO PF_GRUPO_PERSONAS (ID_GRUPO_PERSONA, ID_GRUPO, ID_PERSONA, PERSONA_OBLIGATORIA, REALIZADO) VALUES (46, 46, 10, 0, 0); -- José Rafael Díaz
--
INSERT INTO PF_FLUJOS (ID_FLUJO, FECHA_CREACION, ID_TIPO_FLUJO, ORDEN_ACTIVO, DESCRIPCION) VALUES (24, '11/11/15', 2, 1, 'Firma Jefe Área Infraestructuras - Firma Director');
INSERT INTO PF_GRUPOS (ID_GRUPO, FIRMANTES_REQUERIDOS, ORDEN, ID_FLUJO, ID_TIPO_GRUPO, CERRADO) VALUES (47, 1, 1, 24, 2, 0);
INSERT INTO PF_GRUPOS (ID_GRUPO, FIRMANTES_REQUERIDOS, ORDEN, ID_FLUJO, ID_TIPO_GRUPO, CERRADO) VALUES (48, 1, 2, 24, 2, 0);
INSERT INTO PF_GRUPO_PERSONAS (ID_GRUPO_PERSONA, ID_GRUPO, ID_PERSONA, PERSONA_OBLIGATORIA, REALIZADO) VALUES (47, 47, 6, 0, 0); -- Javier Mora
INSERT INTO PF_GRUPO_PERSONAS (ID_GRUPO_PERSONA, ID_GRUPO, ID_PERSONA, PERSONA_OBLIGATORIA, REALIZADO) VALUES (48, 48, 10, 0, 0); -- José Rafael Díaz
--
INSERT INTO PF_FLUJOS (ID_FLUJO, FECHA_CREACION, ID_TIPO_FLUJO, ORDEN_ACTIVO, DESCRIPCION) VALUES (25, '11/11/15', 2, 1, 'Validación Jefe Área Infraestructuras - Firma Presidente');
INSERT INTO PF_GRUPOS (ID_GRUPO, FIRMANTES_REQUERIDOS, ORDEN, ID_FLUJO, ID_TIPO_GRUPO, CERRADO) VALUES (49, 1, 1, 25, 1, 0);
INSERT INTO PF_GRUPOS (ID_GRUPO, FIRMANTES_REQUERIDOS, ORDEN, ID_FLUJO, ID_TIPO_GRUPO, CERRADO) VALUES (50, 1, 2, 25, 2, 0);
INSERT INTO PF_GRUPO_PERSONAS (ID_GRUPO_PERSONA, ID_GRUPO, ID_PERSONA, PERSONA_OBLIGATORIA, REALIZADO) VALUES (49, 49, 6, 0, 0); -- Javier Mora
INSERT INTO PF_GRUPO_PERSONAS (ID_GRUPO_PERSONA, ID_GRUPO, ID_PERSONA, PERSONA_OBLIGATORIA, REALIZADO) VALUES (50, 50, 13, 0, 0); -- Ricardo Melchior

-- PREVENCIÓN DE RIESGOS LABORALES - RECURSOS HUMANOS
INSERT INTO PF_FLUJOS (ID_FLUJO, FECHA_CREACION, ID_TIPO_FLUJO, ORDEN_ACTIVO, DESCRIPCION) VALUES (26, '11/11/15', 2, 1, 'Validación Jefe Área Recursos Humanos - Firma Director');
INSERT INTO PF_GRUPOS (ID_GRUPO, FIRMANTES_REQUERIDOS, ORDEN, ID_FLUJO, ID_TIPO_GRUPO, CERRADO) VALUES (51, 1, 1, 26, 1, 0);
INSERT INTO PF_GRUPOS (ID_GRUPO, FIRMANTES_REQUERIDOS, ORDEN, ID_FLUJO, ID_TIPO_GRUPO, CERRADO) VALUES (52, 1, 2, 26, 2, 0);
INSERT INTO PF_GRUPO_PERSONAS (ID_GRUPO_PERSONA, ID_GRUPO, ID_PERSONA, PERSONA_OBLIGATORIA, REALIZADO) VALUES (51, 51, 4, 0, 0); -- Miguel Ángel Hormiga
INSERT INTO PF_GRUPO_PERSONAS (ID_GRUPO_PERSONA, ID_GRUPO, ID_PERSONA, PERSONA_OBLIGATORIA, REALIZADO) VALUES (52, 52, 10, 0, 0); -- José Rafael Díaz
--
INSERT INTO PF_FLUJOS (ID_FLUJO, FECHA_CREACION, ID_TIPO_FLUJO, ORDEN_ACTIVO, DESCRIPCION) VALUES (27, '11/11/15', 2, 1, 'Firma Jefe Área Recursos Humanos - Firma Director');
INSERT INTO PF_GRUPOS (ID_GRUPO, FIRMANTES_REQUERIDOS, ORDEN, ID_FLUJO, ID_TIPO_GRUPO, CERRADO) VALUES (53, 1, 1, 27, 2, 0);
INSERT INTO PF_GRUPOS (ID_GRUPO, FIRMANTES_REQUERIDOS, ORDEN, ID_FLUJO, ID_TIPO_GRUPO, CERRADO) VALUES (54, 1, 2, 27, 2, 0);
INSERT INTO PF_GRUPO_PERSONAS (ID_GRUPO_PERSONA, ID_GRUPO, ID_PERSONA, PERSONA_OBLIGATORIA, REALIZADO) VALUES (53, 53, 4, 0, 0); -- Miguel Ángel Hormiga
INSERT INTO PF_GRUPO_PERSONAS (ID_GRUPO_PERSONA, ID_GRUPO, ID_PERSONA, PERSONA_OBLIGATORIA, REALIZADO) VALUES (54, 54, 10, 0, 0); -- José Rafael Díaz
--
INSERT INTO PF_FLUJOS (ID_FLUJO, FECHA_CREACION, ID_TIPO_FLUJO, ORDEN_ACTIVO, DESCRIPCION) VALUES (28, '11/11/15', 2, 1, 'Validación Jefe Área Recursos Humanos - Firma Presidente');
INSERT INTO PF_GRUPOS (ID_GRUPO, FIRMANTES_REQUERIDOS, ORDEN, ID_FLUJO, ID_TIPO_GRUPO, CERRADO) VALUES (55, 1, 1, 28, 1, 0);
INSERT INTO PF_GRUPOS (ID_GRUPO, FIRMANTES_REQUERIDOS, ORDEN, ID_FLUJO, ID_TIPO_GRUPO, CERRADO) VALUES (56, 1, 2, 28, 2, 0);
INSERT INTO PF_GRUPO_PERSONAS (ID_GRUPO_PERSONA, ID_GRUPO, ID_PERSONA, PERSONA_OBLIGATORIA, REALIZADO) VALUES (55, 55, 4, 0, 0); -- Miguel Ángel Hormiga
INSERT INTO PF_GRUPO_PERSONAS (ID_GRUPO_PERSONA, ID_GRUPO, ID_PERSONA, PERSONA_OBLIGATORIA, REALIZADO) VALUES (56, 56, 13, 0, 0); -- Ricardo Melchior


COMMIT;

--------------------------------------------------------------------------------------------------------------------------------------------------------------------------------------
-- USUARIOS-CIRCUITOS PREDEFINIDOS
--------------------------------------------------------------------------------------------------------------------------------------------------------------------------------------

INSERT INTO PF_CIRCUITO_POR_PERSONA (ID_REGISTRO, ID_CIRCUITO, DNI_SOLICITANTE) VALUES (1, 1, '43817757C');
INSERT INTO PF_CIRCUITO_POR_PERSONA (ID_REGISTRO, ID_CIRCUITO, DNI_SOLICITANTE) VALUES (2, 2, '43817757C');
INSERT INTO PF_CIRCUITO_POR_PERSONA (ID_REGISTRO, ID_CIRCUITO, DNI_SOLICITANTE) VALUES (3, 3, '43817757C');
--
INSERT INTO PF_CIRCUITO_POR_PERSONA (ID_REGISTRO, ID_CIRCUITO, DNI_SOLICITANTE) VALUES (4, 1, '43801052J');
INSERT INTO PF_CIRCUITO_POR_PERSONA (ID_REGISTRO, ID_CIRCUITO, DNI_SOLICITANTE) VALUES (5, 2, '43801052J');
INSERT INTO PF_CIRCUITO_POR_PERSONA (ID_REGISTRO, ID_CIRCUITO, DNI_SOLICITANTE) VALUES (6, 3, '43801052J');
--
INSERT INTO PF_CIRCUITO_POR_PERSONA (ID_REGISTRO, ID_CIRCUITO, DNI_SOLICITANTE) VALUES (7, 1, '43620790W');
INSERT INTO PF_CIRCUITO_POR_PERSONA (ID_REGISTRO, ID_CIRCUITO, DNI_SOLICITANTE) VALUES (8, 2, '43620790W');
INSERT INTO PF_CIRCUITO_POR_PERSONA (ID_REGISTRO, ID_CIRCUITO, DNI_SOLICITANTE) VALUES (9, 3, '43620790W');
--
INSERT INTO PF_CIRCUITO_POR_PERSONA (ID_REGISTRO, ID_CIRCUITO, DNI_SOLICITANTE) VALUES (10, 1, '10895067J');
INSERT INTO PF_CIRCUITO_POR_PERSONA (ID_REGISTRO, ID_CIRCUITO, DNI_SOLICITANTE) VALUES (11, 2, '10895067J');
INSERT INTO PF_CIRCUITO_POR_PERSONA (ID_REGISTRO, ID_CIRCUITO, DNI_SOLICITANTE) VALUES (12, 3, '10895067J');
--
INSERT INTO PF_CIRCUITO_POR_PERSONA (ID_REGISTRO, ID_CIRCUITO, DNI_SOLICITANTE) VALUES (13, 1, 'X2405610V');
INSERT INTO PF_CIRCUITO_POR_PERSONA (ID_REGISTRO, ID_CIRCUITO, DNI_SOLICITANTE) VALUES (14, 2, 'X2405610V');
INSERT INTO PF_CIRCUITO_POR_PERSONA (ID_REGISTRO, ID_CIRCUITO, DNI_SOLICITANTE) VALUES (15, 3, 'X2405610V');
--
INSERT INTO PF_CIRCUITO_POR_PERSONA (ID_REGISTRO, ID_CIRCUITO, DNI_SOLICITANTE) VALUES (16, 1, '43772023X');
INSERT INTO PF_CIRCUITO_POR_PERSONA (ID_REGISTRO, ID_CIRCUITO, DNI_SOLICITANTE) VALUES (17, 2, '43772023X');
INSERT INTO PF_CIRCUITO_POR_PERSONA (ID_REGISTRO, ID_CIRCUITO, DNI_SOLICITANTE) VALUES (18, 3, '43772023X');
--
INSERT INTO PF_CIRCUITO_POR_PERSONA (ID_REGISTRO, ID_CIRCUITO, DNI_SOLICITANTE) VALUES (19, 1, '43816603Q');
INSERT INTO PF_CIRCUITO_POR_PERSONA (ID_REGISTRO, ID_CIRCUITO, DNI_SOLICITANTE) VALUES (20, 2, '43816603Q');
INSERT INTO PF_CIRCUITO_POR_PERSONA (ID_REGISTRO, ID_CIRCUITO, DNI_SOLICITANTE) VALUES (21, 3, '43816603Q');
-------------------------------------------------------------------------------------------------------------
INSERT INTO PF_CIRCUITO_POR_PERSONA (ID_REGISTRO, ID_CIRCUITO, DNI_SOLICITANTE) VALUES (22, 4, '08936666Q');
INSERT INTO PF_CIRCUITO_POR_PERSONA (ID_REGISTRO, ID_CIRCUITO, DNI_SOLICITANTE) VALUES (23, 5, '08936666Q');
INSERT INTO PF_CIRCUITO_POR_PERSONA (ID_REGISTRO, ID_CIRCUITO, DNI_SOLICITANTE) VALUES (24, 6, '08936666Q');
--
INSERT INTO PF_CIRCUITO_POR_PERSONA (ID_REGISTRO, ID_CIRCUITO, DNI_SOLICITANTE) VALUES (25, 4, '78414847G');
INSERT INTO PF_CIRCUITO_POR_PERSONA (ID_REGISTRO, ID_CIRCUITO, DNI_SOLICITANTE) VALUES (26, 5, '78414847G');
INSERT INTO PF_CIRCUITO_POR_PERSONA (ID_REGISTRO, ID_CIRCUITO, DNI_SOLICITANTE) VALUES (27, 6, '78414847G');
--
INSERT INTO PF_CIRCUITO_POR_PERSONA (ID_REGISTRO, ID_CIRCUITO, DNI_SOLICITANTE) VALUES (28, 4, '43604113T');
INSERT INTO PF_CIRCUITO_POR_PERSONA (ID_REGISTRO, ID_CIRCUITO, DNI_SOLICITANTE) VALUES (29, 5, '43604113T');
INSERT INTO PF_CIRCUITO_POR_PERSONA (ID_REGISTRO, ID_CIRCUITO, DNI_SOLICITANTE) VALUES (30, 6, '43604113T');
--
INSERT INTO PF_CIRCUITO_POR_PERSONA (ID_REGISTRO, ID_CIRCUITO, DNI_SOLICITANTE) VALUES (31, 4, '43806972E');
INSERT INTO PF_CIRCUITO_POR_PERSONA (ID_REGISTRO, ID_CIRCUITO, DNI_SOLICITANTE) VALUES (32, 5, '43806972E');
INSERT INTO PF_CIRCUITO_POR_PERSONA (ID_REGISTRO, ID_CIRCUITO, DNI_SOLICITANTE) VALUES (33, 6, '43806972E');
-------------------------------------------------------------------------------------------------------------
INSERT INTO PF_CIRCUITO_POR_PERSONA (ID_REGISTRO, ID_CIRCUITO, DNI_SOLICITANTE) VALUES (34, 7, '76945840F');
INSERT INTO PF_CIRCUITO_POR_PERSONA (ID_REGISTRO, ID_CIRCUITO, DNI_SOLICITANTE) VALUES (35, 8, '76945840F');
INSERT INTO PF_CIRCUITO_POR_PERSONA (ID_REGISTRO, ID_CIRCUITO, DNI_SOLICITANTE) VALUES (36, 9, '76945840F');
--
INSERT INTO PF_CIRCUITO_POR_PERSONA (ID_REGISTRO, ID_CIRCUITO, DNI_SOLICITANTE) VALUES (37, 7, '43791288R');
INSERT INTO PF_CIRCUITO_POR_PERSONA (ID_REGISTRO, ID_CIRCUITO, DNI_SOLICITANTE) VALUES (38, 8, '43791288R');
INSERT INTO PF_CIRCUITO_POR_PERSONA (ID_REGISTRO, ID_CIRCUITO, DNI_SOLICITANTE) VALUES (39, 9, '43791288R');
--
INSERT INTO PF_CIRCUITO_POR_PERSONA (ID_REGISTRO, ID_CIRCUITO, DNI_SOLICITANTE) VALUES (40, 7, '42036212D');
INSERT INTO PF_CIRCUITO_POR_PERSONA (ID_REGISTRO, ID_CIRCUITO, DNI_SOLICITANTE) VALUES (41, 8, '42036212D');
INSERT INTO PF_CIRCUITO_POR_PERSONA (ID_REGISTRO, ID_CIRCUITO, DNI_SOLICITANTE) VALUES (42, 9, '42036212D');
--
INSERT INTO PF_CIRCUITO_POR_PERSONA (ID_REGISTRO, ID_CIRCUITO, DNI_SOLICITANTE) VALUES (43, 7, '43774564K');
INSERT INTO PF_CIRCUITO_POR_PERSONA (ID_REGISTRO, ID_CIRCUITO, DNI_SOLICITANTE) VALUES (44, 8, '43774564K');
INSERT INTO PF_CIRCUITO_POR_PERSONA (ID_REGISTRO, ID_CIRCUITO, DNI_SOLICITANTE) VALUES (45, 9, '43774564K');
-------------------------------------------------------------------------------------------------------------
INSERT INTO PF_CIRCUITO_POR_PERSONA (ID_REGISTRO, ID_CIRCUITO, DNI_SOLICITANTE) VALUES (46, 10, '42067519J');
INSERT INTO PF_CIRCUITO_POR_PERSONA (ID_REGISTRO, ID_CIRCUITO, DNI_SOLICITANTE) VALUES (47, 11, '42067519J');
INSERT INTO PF_CIRCUITO_POR_PERSONA (ID_REGISTRO, ID_CIRCUITO, DNI_SOLICITANTE) VALUES (48, 12, '42067519J');
--
INSERT INTO PF_CIRCUITO_POR_PERSONA (ID_REGISTRO, ID_CIRCUITO, DNI_SOLICITANTE) VALUES (49, 10, '43785342N');
INSERT INTO PF_CIRCUITO_POR_PERSONA (ID_REGISTRO, ID_CIRCUITO, DNI_SOLICITANTE) VALUES (50, 11, '43785342N');
INSERT INTO PF_CIRCUITO_POR_PERSONA (ID_REGISTRO, ID_CIRCUITO, DNI_SOLICITANTE) VALUES (51, 12, '43785342N');
--
INSERT INTO PF_CIRCUITO_POR_PERSONA (ID_REGISTRO, ID_CIRCUITO, DNI_SOLICITANTE) VALUES (52, 10, '36986620K');
INSERT INTO PF_CIRCUITO_POR_PERSONA (ID_REGISTRO, ID_CIRCUITO, DNI_SOLICITANTE) VALUES (53, 11, '36986620K');
INSERT INTO PF_CIRCUITO_POR_PERSONA (ID_REGISTRO, ID_CIRCUITO, DNI_SOLICITANTE) VALUES (54, 12, '36986620K');
-------------------------------------------------------------------------------------------------------------
INSERT INTO PF_CIRCUITO_POR_PERSONA (ID_REGISTRO, ID_CIRCUITO, DNI_SOLICITANTE) VALUES (55, 13, '43780595A');
INSERT INTO PF_CIRCUITO_POR_PERSONA (ID_REGISTRO, ID_CIRCUITO, DNI_SOLICITANTE) VALUES (56, 14, '43780595A');
INSERT INTO PF_CIRCUITO_POR_PERSONA (ID_REGISTRO, ID_CIRCUITO, DNI_SOLICITANTE) VALUES (57, 15, '43780595A');
--
INSERT INTO PF_CIRCUITO_POR_PERSONA (ID_REGISTRO, ID_CIRCUITO, DNI_SOLICITANTE) VALUES (58, 13, '43819236G');
INSERT INTO PF_CIRCUITO_POR_PERSONA (ID_REGISTRO, ID_CIRCUITO, DNI_SOLICITANTE) VALUES (59, 14, '43819236G');
INSERT INTO PF_CIRCUITO_POR_PERSONA (ID_REGISTRO, ID_CIRCUITO, DNI_SOLICITANTE) VALUES (60, 15, '43819236G');
--
INSERT INTO PF_CIRCUITO_POR_PERSONA (ID_REGISTRO, ID_CIRCUITO, DNI_SOLICITANTE) VALUES (61, 13, '78691451X');
INSERT INTO PF_CIRCUITO_POR_PERSONA (ID_REGISTRO, ID_CIRCUITO, DNI_SOLICITANTE) VALUES (62, 14, '78691451X');
INSERT INTO PF_CIRCUITO_POR_PERSONA (ID_REGISTRO, ID_CIRCUITO, DNI_SOLICITANTE) VALUES (63, 15, '78691451X');
--
INSERT INTO PF_CIRCUITO_POR_PERSONA (ID_REGISTRO, ID_CIRCUITO, DNI_SOLICITANTE) VALUES (64, 13, '42048846Q');
INSERT INTO PF_CIRCUITO_POR_PERSONA (ID_REGISTRO, ID_CIRCUITO, DNI_SOLICITANTE) VALUES (65, 14, '42048846Q');
INSERT INTO PF_CIRCUITO_POR_PERSONA (ID_REGISTRO, ID_CIRCUITO, DNI_SOLICITANTE) VALUES (66, 15, '42048846Q');
--
INSERT INTO PF_CIRCUITO_POR_PERSONA (ID_REGISTRO, ID_CIRCUITO, DNI_SOLICITANTE) VALUES (67, 13, '42240730B');
INSERT INTO PF_CIRCUITO_POR_PERSONA (ID_REGISTRO, ID_CIRCUITO, DNI_SOLICITANTE) VALUES (68, 14, '42240730B');
--
INSERT INTO PF_CIRCUITO_POR_PERSONA (ID_REGISTRO, ID_CIRCUITO, DNI_SOLICITANTE) VALUES (69, 13, '42074233B');
INSERT INTO PF_CIRCUITO_POR_PERSONA (ID_REGISTRO, ID_CIRCUITO, DNI_SOLICITANTE) VALUES (70, 14, '42074233B');
--
INSERT INTO PF_CIRCUITO_POR_PERSONA (ID_REGISTRO, ID_CIRCUITO, DNI_SOLICITANTE) VALUES (71, 13, '42161347R');
INSERT INTO PF_CIRCUITO_POR_PERSONA (ID_REGISTRO, ID_CIRCUITO, DNI_SOLICITANTE) VALUES (72, 14, '42161347R');
--
INSERT INTO PF_CIRCUITO_POR_PERSONA (ID_REGISTRO, ID_CIRCUITO, DNI_SOLICITANTE) VALUES (73, 13, '02609134Z');
INSERT INTO PF_CIRCUITO_POR_PERSONA (ID_REGISTRO, ID_CIRCUITO, DNI_SOLICITANTE) VALUES (74, 14, '02609134Z');
--
INSERT INTO PF_CIRCUITO_POR_PERSONA (ID_REGISTRO, ID_CIRCUITO, DNI_SOLICITANTE) VALUES (75, 13, '43364739X');
INSERT INTO PF_CIRCUITO_POR_PERSONA (ID_REGISTRO, ID_CIRCUITO, DNI_SOLICITANTE) VALUES (76, 14, '43364739X');
INSERT INTO PF_CIRCUITO_POR_PERSONA (ID_REGISTRO, ID_CIRCUITO, DNI_SOLICITANTE) VALUES (77, 15, '43364739X');
INSERT INTO PF_CIRCUITO_POR_PERSONA (ID_REGISTRO, ID_CIRCUITO, DNI_SOLICITANTE) VALUES (78, 16, '43364739X');
--
INSERT INTO PF_CIRCUITO_POR_PERSONA (ID_REGISTRO, ID_CIRCUITO, DNI_SOLICITANTE) VALUES (79, 17, '42035091S');
INSERT INTO PF_CIRCUITO_POR_PERSONA (ID_REGISTRO, ID_CIRCUITO, DNI_SOLICITANTE) VALUES (80, 18, '42035091S');
INSERT INTO PF_CIRCUITO_POR_PERSONA (ID_REGISTRO, ID_CIRCUITO, DNI_SOLICITANTE) VALUES (81, 19, '42035091S');
INSERT INTO PF_CIRCUITO_POR_PERSONA (ID_REGISTRO, ID_CIRCUITO, DNI_SOLICITANTE) VALUES (82, 16, '42035091S');
--
INSERT INTO PF_CIRCUITO_POR_PERSONA (ID_REGISTRO, ID_CIRCUITO, DNI_SOLICITANTE) VALUES (83, 17, '43771798S');
INSERT INTO PF_CIRCUITO_POR_PERSONA (ID_REGISTRO, ID_CIRCUITO, DNI_SOLICITANTE) VALUES (84, 18, '43771798S');
INSERT INTO PF_CIRCUITO_POR_PERSONA (ID_REGISTRO, ID_CIRCUITO, DNI_SOLICITANTE) VALUES (85, 19, '43771798S');
INSERT INTO PF_CIRCUITO_POR_PERSONA (ID_REGISTRO, ID_CIRCUITO, DNI_SOLICITANTE) VALUES (86, 16, '43771798S');
--
INSERT INTO PF_CIRCUITO_POR_PERSONA (ID_REGISTRO, ID_CIRCUITO, DNI_SOLICITANTE) VALUES (87, 17, '42059165P');
INSERT INTO PF_CIRCUITO_POR_PERSONA (ID_REGISTRO, ID_CIRCUITO, DNI_SOLICITANTE) VALUES (88, 18, '42059165P');
INSERT INTO PF_CIRCUITO_POR_PERSONA (ID_REGISTRO, ID_CIRCUITO, DNI_SOLICITANTE) VALUES (89, 19, '42059165P');
INSERT INTO PF_CIRCUITO_POR_PERSONA (ID_REGISTRO, ID_CIRCUITO, DNI_SOLICITANTE) VALUES (90, 16, '42059165P');
--
INSERT INTO PF_CIRCUITO_POR_PERSONA (ID_REGISTRO, ID_CIRCUITO, DNI_SOLICITANTE) VALUES (91, 17, '42180204K');
INSERT INTO PF_CIRCUITO_POR_PERSONA (ID_REGISTRO, ID_CIRCUITO, DNI_SOLICITANTE) VALUES (92, 18, '42180204K');
INSERT INTO PF_CIRCUITO_POR_PERSONA (ID_REGISTRO, ID_CIRCUITO, DNI_SOLICITANTE) VALUES (93, 19, '42180204K');
INSERT INTO PF_CIRCUITO_POR_PERSONA (ID_REGISTRO, ID_CIRCUITO, DNI_SOLICITANTE) VALUES (94, 16, '42180204K');
--
INSERT INTO PF_CIRCUITO_POR_PERSONA (ID_REGISTRO, ID_CIRCUITO, DNI_SOLICITANTE) VALUES (95, 17, '42076346P');
INSERT INTO PF_CIRCUITO_POR_PERSONA (ID_REGISTRO, ID_CIRCUITO, DNI_SOLICITANTE) VALUES (96, 18, '42076346P');
INSERT INTO PF_CIRCUITO_POR_PERSONA (ID_REGISTRO, ID_CIRCUITO, DNI_SOLICITANTE) VALUES (97, 19, '42076346P');
INSERT INTO PF_CIRCUITO_POR_PERSONA (ID_REGISTRO, ID_CIRCUITO, DNI_SOLICITANTE) VALUES (98, 16, '42076346P');
--
INSERT INTO PF_CIRCUITO_POR_PERSONA (ID_REGISTRO, ID_CIRCUITO, DNI_SOLICITANTE) VALUES (99, 17, '78569420V');
INSERT INTO PF_CIRCUITO_POR_PERSONA (ID_REGISTRO, ID_CIRCUITO, DNI_SOLICITANTE) VALUES (100, 18, '78569420V');
INSERT INTO PF_CIRCUITO_POR_PERSONA (ID_REGISTRO, ID_CIRCUITO, DNI_SOLICITANTE) VALUES (101, 19, '78569420V');
INSERT INTO PF_CIRCUITO_POR_PERSONA (ID_REGISTRO, ID_CIRCUITO, DNI_SOLICITANTE) VALUES (102, 16, '78569420V');
--
INSERT INTO PF_CIRCUITO_POR_PERSONA (ID_REGISTRO, ID_CIRCUITO, DNI_SOLICITANTE) VALUES (103, 17, '45450334B');
INSERT INTO PF_CIRCUITO_POR_PERSONA (ID_REGISTRO, ID_CIRCUITO, DNI_SOLICITANTE) VALUES (104, 18, '45450334B');
INSERT INTO PF_CIRCUITO_POR_PERSONA (ID_REGISTRO, ID_CIRCUITO, DNI_SOLICITANTE) VALUES (105, 19, '45450334B');
INSERT INTO PF_CIRCUITO_POR_PERSONA (ID_REGISTRO, ID_CIRCUITO, DNI_SOLICITANTE) VALUES (106, 16, '45450334B');
-------------------------------------------------------------------------------------------------------------
INSERT INTO PF_CIRCUITO_POR_PERSONA (ID_REGISTRO, ID_CIRCUITO, DNI_SOLICITANTE) VALUES (107, 20, '42795003F');
INSERT INTO PF_CIRCUITO_POR_PERSONA (ID_REGISTRO, ID_CIRCUITO, DNI_SOLICITANTE) VALUES (108, 21, '42795003F');
INSERT INTO PF_CIRCUITO_POR_PERSONA (ID_REGISTRO, ID_CIRCUITO, DNI_SOLICITANTE) VALUES (109, 22, '42795003F');
-------------------------------------------------------------------------------------------------------------
INSERT INTO PF_CIRCUITO_POR_PERSONA (ID_REGISTRO, ID_CIRCUITO, DNI_SOLICITANTE) VALUES (110, 23, '45531200D');
INSERT INTO PF_CIRCUITO_POR_PERSONA (ID_REGISTRO, ID_CIRCUITO, DNI_SOLICITANTE) VALUES (111, 24, '45531200D');
INSERT INTO PF_CIRCUITO_POR_PERSONA (ID_REGISTRO, ID_CIRCUITO, DNI_SOLICITANTE) VALUES (112, 25, '45531200D');
--
INSERT INTO PF_CIRCUITO_POR_PERSONA (ID_REGISTRO, ID_CIRCUITO, DNI_SOLICITANTE) VALUES (113, 23, '78710725X');
INSERT INTO PF_CIRCUITO_POR_PERSONA (ID_REGISTRO, ID_CIRCUITO, DNI_SOLICITANTE) VALUES (114, 24, '78710725X');
INSERT INTO PF_CIRCUITO_POR_PERSONA (ID_REGISTRO, ID_CIRCUITO, DNI_SOLICITANTE) VALUES (115, 25, '78710725X');
--
INSERT INTO PF_CIRCUITO_POR_PERSONA (ID_REGISTRO, ID_CIRCUITO, DNI_SOLICITANTE) VALUES (116, 23, '72564612A');
INSERT INTO PF_CIRCUITO_POR_PERSONA (ID_REGISTRO, ID_CIRCUITO, DNI_SOLICITANTE) VALUES (117, 24, '72564612A');
INSERT INTO PF_CIRCUITO_POR_PERSONA (ID_REGISTRO, ID_CIRCUITO, DNI_SOLICITANTE) VALUES (118, 25, '72564612A');
--
INSERT INTO PF_CIRCUITO_POR_PERSONA (ID_REGISTRO, ID_CIRCUITO, DNI_SOLICITANTE) VALUES (119, 23, '44127027D');
INSERT INTO PF_CIRCUITO_POR_PERSONA (ID_REGISTRO, ID_CIRCUITO, DNI_SOLICITANTE) VALUES (120, 24, '44127027D');
INSERT INTO PF_CIRCUITO_POR_PERSONA (ID_REGISTRO, ID_CIRCUITO, DNI_SOLICITANTE) VALUES (121, 25, '44127027D');
--
INSERT INTO PF_CIRCUITO_POR_PERSONA (ID_REGISTRO, ID_CIRCUITO, DNI_SOLICITANTE) VALUES (122, 23, '42165011P');
INSERT INTO PF_CIRCUITO_POR_PERSONA (ID_REGISTRO, ID_CIRCUITO, DNI_SOLICITANTE) VALUES (123, 24, '42165011P');
INSERT INTO PF_CIRCUITO_POR_PERSONA (ID_REGISTRO, ID_CIRCUITO, DNI_SOLICITANTE) VALUES (124, 25, '42165011P');
--
INSERT INTO PF_CIRCUITO_POR_PERSONA (ID_REGISTRO, ID_CIRCUITO, DNI_SOLICITANTE) VALUES (125, 23, '43815334N');
INSERT INTO PF_CIRCUITO_POR_PERSONA (ID_REGISTRO, ID_CIRCUITO, DNI_SOLICITANTE) VALUES (126, 24, '43815334N');
INSERT INTO PF_CIRCUITO_POR_PERSONA (ID_REGISTRO, ID_CIRCUITO, DNI_SOLICITANTE) VALUES (127, 25, '43815334N');
--
INSERT INTO PF_CIRCUITO_POR_PERSONA (ID_REGISTRO, ID_CIRCUITO, DNI_SOLICITANTE) VALUES (128, 23, '42088688E');
INSERT INTO PF_CIRCUITO_POR_PERSONA (ID_REGISTRO, ID_CIRCUITO, DNI_SOLICITANTE) VALUES (129, 24, '42088688E');
INSERT INTO PF_CIRCUITO_POR_PERSONA (ID_REGISTRO, ID_CIRCUITO, DNI_SOLICITANTE) VALUES (130, 25, '42088688E');
--
INSERT INTO PF_CIRCUITO_POR_PERSONA (ID_REGISTRO, ID_CIRCUITO, DNI_SOLICITANTE) VALUES (131, 23, '43797923N');
INSERT INTO PF_CIRCUITO_POR_PERSONA (ID_REGISTRO, ID_CIRCUITO, DNI_SOLICITANTE) VALUES (132, 24, '43797923N');
INSERT INTO PF_CIRCUITO_POR_PERSONA (ID_REGISTRO, ID_CIRCUITO, DNI_SOLICITANTE) VALUES (133, 25, '43797923N');
--
INSERT INTO PF_CIRCUITO_POR_PERSONA (ID_REGISTRO, ID_CIRCUITO, DNI_SOLICITANTE) VALUES (134, 23, '42240264M');
INSERT INTO PF_CIRCUITO_POR_PERSONA (ID_REGISTRO, ID_CIRCUITO, DNI_SOLICITANTE) VALUES (135, 24, '42240264M');
INSERT INTO PF_CIRCUITO_POR_PERSONA (ID_REGISTRO, ID_CIRCUITO, DNI_SOLICITANTE) VALUES (136, 25, '42240264M');
--
INSERT INTO PF_CIRCUITO_POR_PERSONA (ID_REGISTRO, ID_CIRCUITO, DNI_SOLICITANTE) VALUES (137, 23, '43783140H');
INSERT INTO PF_CIRCUITO_POR_PERSONA (ID_REGISTRO, ID_CIRCUITO, DNI_SOLICITANTE) VALUES (138, 24, '43783140H');
INSERT INTO PF_CIRCUITO_POR_PERSONA (ID_REGISTRO, ID_CIRCUITO, DNI_SOLICITANTE) VALUES (139, 25, '43783140H');
-------------------------------------------------------------------------------------------------------------
INSERT INTO PF_CIRCUITO_POR_PERSONA (ID_REGISTRO, ID_CIRCUITO, DNI_SOLICITANTE) VALUES (140, 26, '42028605S');
INSERT INTO PF_CIRCUITO_POR_PERSONA (ID_REGISTRO, ID_CIRCUITO, DNI_SOLICITANTE) VALUES (141, 27, '42028605S');
INSERT INTO PF_CIRCUITO_POR_PERSONA (ID_REGISTRO, ID_CIRCUITO, DNI_SOLICITANTE) VALUES (142, 28, '42028605S');
--
INSERT INTO PF_CIRCUITO_POR_PERSONA (ID_REGISTRO, ID_CIRCUITO, DNI_SOLICITANTE) VALUES (143, 26, '51147192E');
INSERT INTO PF_CIRCUITO_POR_PERSONA (ID_REGISTRO, ID_CIRCUITO, DNI_SOLICITANTE) VALUES (144, 27, '51147192E');
INSERT INTO PF_CIRCUITO_POR_PERSONA (ID_REGISTRO, ID_CIRCUITO, DNI_SOLICITANTE) VALUES (145, 28, '51147192E');
--
INSERT INTO PF_CIRCUITO_POR_PERSONA (ID_REGISTRO, ID_CIRCUITO, DNI_SOLICITANTE) VALUES (146, 26, '42064755D');
INSERT INTO PF_CIRCUITO_POR_PERSONA (ID_REGISTRO, ID_CIRCUITO, DNI_SOLICITANTE) VALUES (147, 27, '42064755D');
INSERT INTO PF_CIRCUITO_POR_PERSONA (ID_REGISTRO, ID_CIRCUITO, DNI_SOLICITANTE) VALUES (148, 28, '42064755D');
--
INSERT INTO PF_CIRCUITO_POR_PERSONA (ID_REGISTRO, ID_CIRCUITO, DNI_SOLICITANTE) VALUES (149, 26, '54044163M');
INSERT INTO PF_CIRCUITO_POR_PERSONA (ID_REGISTRO, ID_CIRCUITO, DNI_SOLICITANTE) VALUES (150, 27, '54044163M');
INSERT INTO PF_CIRCUITO_POR_PERSONA (ID_REGISTRO, ID_CIRCUITO, DNI_SOLICITANTE) VALUES (151, 28, '54044163M');
-------------------------------------------------------------------------------------------------------------
-- Usuarios de prueba
-------------------------------------------------------------------------------------------------------------
-- empFacturacion
INSERT INTO PF_CIRCUITO_POR_PERSONA (ID_REGISTRO, ID_CIRCUITO, DNI_SOLICITANTE) VALUES (1000, 13, '33333333P');
INSERT INTO PF_CIRCUITO_POR_PERSONA (ID_REGISTRO, ID_CIRCUITO, DNI_SOLICITANTE) VALUES (1001, 14, '33333333P');
INSERT INTO PF_CIRCUITO_POR_PERSONA (ID_REGISTRO, ID_CIRCUITO, DNI_SOLICITANTE) VALUES (1002, 15, '33333333P');
INSERT INTO PF_CIRCUITO_POR_PERSONA (ID_REGISTRO, ID_CIRCUITO, DNI_SOLICITANTE) VALUES (1003, 16, '33333333P');
INSERT INTO PF_CIRCUITO_POR_PERSONA (ID_REGISTRO, ID_CIRCUITO, DNI_SOLICITANTE) VALUES (1004, 17, '33333333P');
INSERT INTO PF_CIRCUITO_POR_PERSONA (ID_REGISTRO, ID_CIRCUITO, DNI_SOLICITANTE) VALUES (1005, 18, '33333333P');
INSERT INTO PF_CIRCUITO_POR_PERSONA (ID_REGISTRO, ID_CIRCUITO, DNI_SOLICITANTE) VALUES (1006, 19, '33333333P');

COMMIT;


