--------------------------------------------------------------------------------------------------------------------------------------------------------------------------------------
-- CIRCUITOS PREDEFINIDOS
--------------------------------------------------------------------------------------------------------------------------------------------------------------------------------------

-- FACTURACIÓN
INSERT INTO PF_FLUJOS (ID_FLUJO, FECHA_CREACION, ID_TIPO_FLUJO, ORDEN_ACTIVO, DESCRIPCION) VALUES (13, '11/11/15', 2, 1, 'Validación Jefe Área Explotación - Firma Director');
INSERT INTO PF_GRUPOS (ID_GRUPO, FIRMANTES_REQUERIDOS, ORDEN, ID_FLUJO, ID_TIPO_GRUPO, CERRADO) VALUES (25, 1, 1, 13, 1, 0);
INSERT INTO PF_GRUPOS (ID_GRUPO, FIRMANTES_REQUERIDOS, ORDEN, ID_FLUJO, ID_TIPO_GRUPO, CERRADO) VALUES (26, 1, 2, 13, 2, 0);
INSERT INTO PF_GRUPO_PERSONAS (ID_GRUPO_PERSONA, ID_GRUPO, ID_PERSONA, PERSONA_OBLIGATORIA, REALIZADO) VALUES (25, 25, 4, 0, 0); -- Jefe del Área de Explotación
INSERT INTO PF_GRUPO_PERSONAS (ID_GRUPO_PERSONA, ID_GRUPO, ID_PERSONA, PERSONA_OBLIGATORIA, REALIZADO) VALUES (26, 26, 1, 0, 0); -- Director
--
INSERT INTO PF_FLUJOS (ID_FLUJO, FECHA_CREACION, ID_TIPO_FLUJO, ORDEN_ACTIVO, DESCRIPCION) VALUES (14, '11/11/15', 2, 1, 'Firma Jefe Área Explotación- Firma Director');
INSERT INTO PF_GRUPOS (ID_GRUPO, FIRMANTES_REQUERIDOS, ORDEN, ID_FLUJO, ID_TIPO_GRUPO, CERRADO) VALUES (27, 1, 1, 14, 2, 0);
INSERT INTO PF_GRUPOS (ID_GRUPO, FIRMANTES_REQUERIDOS, ORDEN, ID_FLUJO, ID_TIPO_GRUPO, CERRADO) VALUES (28, 1, 2, 14, 2, 0);
INSERT INTO PF_GRUPO_PERSONAS (ID_GRUPO_PERSONA, ID_GRUPO, ID_PERSONA, PERSONA_OBLIGATORIA, REALIZADO) VALUES (27, 27, 4, 0, 0); -- Jefe del Área de Explotación
INSERT INTO PF_GRUPO_PERSONAS (ID_GRUPO_PERSONA, ID_GRUPO, ID_PERSONA, PERSONA_OBLIGATORIA, REALIZADO) VALUES (28, 28, 1, 0, 0); -- Director
--
INSERT INTO PF_FLUJOS (ID_FLUJO, FECHA_CREACION, ID_TIPO_FLUJO, ORDEN_ACTIVO, DESCRIPCION) VALUES (15, '11/11/15', 2, 1, 'Validación Jefe Área Explotación - Firma Presidente');
INSERT INTO PF_GRUPOS (ID_GRUPO, FIRMANTES_REQUERIDOS, ORDEN, ID_FLUJO, ID_TIPO_GRUPO, CERRADO) VALUES (29, 1, 1, 15, 1, 0);
INSERT INTO PF_GRUPOS (ID_GRUPO, FIRMANTES_REQUERIDOS, ORDEN, ID_FLUJO, ID_TIPO_GRUPO, CERRADO) VALUES (30, 1, 2, 15, 2, 0);
INSERT INTO PF_GRUPO_PERSONAS (ID_GRUPO_PERSONA, ID_GRUPO, ID_PERSONA, PERSONA_OBLIGATORIA, REALIZADO) VALUES (29, 29, 4, 0, 0); -- Jefe del Área de Explotación
INSERT INTO PF_GRUPO_PERSONAS (ID_GRUPO_PERSONA, ID_GRUPO, ID_PERSONA, PERSONA_OBLIGATORIA, REALIZADO) VALUES (30, 30, 2, 0, 0); -- Presidente
--
INSERT INTO PF_FLUJOS (ID_FLUJO, FECHA_CREACION, ID_TIPO_FLUJO, ORDEN_ACTIVO, DESCRIPCION) VALUES (16, '11/11/15', 2, 1, 'Firma Jefe Dpto. Calidad/Medioambiente - Firma Director');
INSERT INTO PF_GRUPOS (ID_GRUPO, FIRMANTES_REQUERIDOS, ORDEN, ID_FLUJO, ID_TIPO_GRUPO, CERRADO) VALUES (31, 1, 1, 16, 2, 0);
INSERT INTO PF_GRUPOS (ID_GRUPO, FIRMANTES_REQUERIDOS, ORDEN, ID_FLUJO, ID_TIPO_GRUPO, CERRADO) VALUES (32, 1, 2, 16, 2, 0);
INSERT INTO PF_GRUPO_PERSONAS (ID_GRUPO_PERSONA, ID_GRUPO, ID_PERSONA, PERSONA_OBLIGATORIA, REALIZADO) VALUES (31, 31, 3, 0, 0); -- Responsable de Calidad / Medioambiente
INSERT INTO PF_GRUPO_PERSONAS (ID_GRUPO_PERSONA, ID_GRUPO, ID_PERSONA, PERSONA_OBLIGATORIA, REALIZADO) VALUES (32, 32, 1, 0, 0); -- Director
--
INSERT INTO PF_FLUJOS (ID_FLUJO, FECHA_CREACION, ID_TIPO_FLUJO, ORDEN_ACTIVO, DESCRIPCION) VALUES (17, '11/11/15', 2, 1, 'Validación Jefe Dpto. Facturación - Firma Jefe Área Explotación');
INSERT INTO PF_GRUPOS (ID_GRUPO, FIRMANTES_REQUERIDOS, ORDEN, ID_FLUJO, ID_TIPO_GRUPO, CERRADO) VALUES (33, 1, 1, 17, 1, 0);
INSERT INTO PF_GRUPOS (ID_GRUPO, FIRMANTES_REQUERIDOS, ORDEN, ID_FLUJO, ID_TIPO_GRUPO, CERRADO) VALUES (34, 1, 2, 17, 2, 0);
INSERT INTO PF_GRUPO_PERSONAS (ID_GRUPO_PERSONA, ID_GRUPO, ID_PERSONA, PERSONA_OBLIGATORIA, REALIZADO) VALUES (33, 33, 9, 0, 0); -- Responsable de Facturación
INSERT INTO PF_GRUPO_PERSONAS (ID_GRUPO_PERSONA, ID_GRUPO, ID_PERSONA, PERSONA_OBLIGATORIA, REALIZADO) VALUES (34, 34, 4, 0, 0); -- Jefe del Área de Explotación
--
INSERT INTO PF_FLUJOS (ID_FLUJO, FECHA_CREACION, ID_TIPO_FLUJO, ORDEN_ACTIVO, DESCRIPCION) VALUES (18, '11/11/15', 2, 1, 'Firma Jefe Dpto. Facturación - Firma Jefe Área Explotación');
INSERT INTO PF_GRUPOS (ID_GRUPO, FIRMANTES_REQUERIDOS, ORDEN, ID_FLUJO, ID_TIPO_GRUPO, CERRADO) VALUES (35, 1, 1, 18, 2, 0);
INSERT INTO PF_GRUPOS (ID_GRUPO, FIRMANTES_REQUERIDOS, ORDEN, ID_FLUJO, ID_TIPO_GRUPO, CERRADO) VALUES (36, 1, 2, 18, 2, 0);
INSERT INTO PF_GRUPO_PERSONAS (ID_GRUPO_PERSONA, ID_GRUPO, ID_PERSONA, PERSONA_OBLIGATORIA, REALIZADO) VALUES (35, 35, 9, 0, 0); -- Responsable de Facturación
INSERT INTO PF_GRUPO_PERSONAS (ID_GRUPO_PERSONA, ID_GRUPO, ID_PERSONA, PERSONA_OBLIGATORIA, REALIZADO) VALUES (36, 36, 4, 0, 0); -- Jefe del Área de Explotación
--
INSERT INTO PF_FLUJOS (ID_FLUJO, FECHA_CREACION, ID_TIPO_FLUJO, ORDEN_ACTIVO, DESCRIPCION) VALUES (19, '11/11/15', 2, 1, 'Validación Jefe Dpto. Facturación - Firma Director');
INSERT INTO PF_GRUPOS (ID_GRUPO, FIRMANTES_REQUERIDOS, ORDEN, ID_FLUJO, ID_TIPO_GRUPO, CERRADO) VALUES (37, 1, 1, 19, 1, 0);
INSERT INTO PF_GRUPOS (ID_GRUPO, FIRMANTES_REQUERIDOS, ORDEN, ID_FLUJO, ID_TIPO_GRUPO, CERRADO) VALUES (38, 1, 2, 19, 2, 0);
INSERT INTO PF_GRUPO_PERSONAS (ID_GRUPO_PERSONA, ID_GRUPO, ID_PERSONA, PERSONA_OBLIGATORIA, REALIZADO) VALUES (37, 37, 9, 0, 0); -- Responsable de Facturación
INSERT INTO PF_GRUPO_PERSONAS (ID_GRUPO_PERSONA, ID_GRUPO, ID_PERSONA, PERSONA_OBLIGATORIA, REALIZADO) VALUES (38, 38, 1, 0, 0); -- Director


COMMIT;

--------------------------------------------------------------------------------------------------------------------------------------------------------------------------------------
-- USUARIOS-CIRCUITOS PREDEFINIDOS
--------------------------------------------------------------------------------------------------------------------------------------------------------------------------------------
-------------------------------------------------------------------------------------------------------------
-- Usuarios de prueba
-------------------------------------------------------------------------------------------------------------
-- empFacturacion
INSERT INTO PF_CIRCUITO_POR_PERSONA (ID_REGISTRO, ID_CIRCUITO, DNI_SOLICITANTE) VALUES (1000, 13, '66666666Q');
INSERT INTO PF_CIRCUITO_POR_PERSONA (ID_REGISTRO, ID_CIRCUITO, DNI_SOLICITANTE) VALUES (1001, 14, '66666666Q');
INSERT INTO PF_CIRCUITO_POR_PERSONA (ID_REGISTRO, ID_CIRCUITO, DNI_SOLICITANTE) VALUES (1002, 15, '66666666Q');
INSERT INTO PF_CIRCUITO_POR_PERSONA (ID_REGISTRO, ID_CIRCUITO, DNI_SOLICITANTE) VALUES (1003, 16, '66666666Q');
INSERT INTO PF_CIRCUITO_POR_PERSONA (ID_REGISTRO, ID_CIRCUITO, DNI_SOLICITANTE) VALUES (1004, 17, '66666666Q');
INSERT INTO PF_CIRCUITO_POR_PERSONA (ID_REGISTRO, ID_CIRCUITO, DNI_SOLICITANTE) VALUES (1005, 18, '66666666Q');
INSERT INTO PF_CIRCUITO_POR_PERSONA (ID_REGISTRO, ID_CIRCUITO, DNI_SOLICITANTE) VALUES (1006, 19, '66666666Q');


COMMIT;


